Election,Country,Party, Votes, Total votes,Vote share, Candidates, Total candidates,Seats,Total seats
1918,UK,CON,"  4,144,192 ","  10,786,818 ",38.7%,  445 ,"  1,623 ",382,707
1918,UK,LAB,"  2,245,777 ","  10,786,818 ",20.8%,  361 ,"  1,623 ",57,707
1918,UK,LD,"  2,785,374 ","  10,786,818 ",25.6%,  421 ,"  1,623 ",163,707
1918,UK,PC/SNP,,"  10,786,818 ",,,"  1,623 ",,707
1918,UK,Other,"  1,611,475 ","  10,786,818 ",14.9%,  396 ,"  1,623 ",105,707
1922,UK,CON,"  5,502,298 ","  14,392,330 ",38.5%,  482 ,"  1,441 ",344,615
1922,UK,LAB,"  4,237,349 ","  14,392,330 ",29.7%,  414 ,"  1,441 ",142,615
1922,UK,LD,"  4,139,460 ","  14,392,330 ",28.8%,  485 ,"  1,441 ",115,615
1922,UK,PC/SNP,,"  14,392,330 ",,,"  1,441 ",,615
1922,UK,Other,"  513,223 ","  14,392,330 ",3.0%,  60 ,"  1,441 ",14,615
1923,UK,CON,"  5,514,541 ","  14,547,695 ",38.0%,  536 ,"  1,446 ",258,615
1923,UK,LAB,"  4,439,780 ","  14,547,695 ",30.7%,  427 ,"  1,446 ",191,615
1923,UK,LD,"  4,301,481 ","  14,547,695 ",29.7%,  457 ,"  1,446 ",158,615
1923,UK,PC/SNP,,"  14,547,695 ",,,"  1,446 ",,615
1923,UK,Other,"  291,893 ","  14,547,695 ",1.6%,  26 ,"  1,446 ",8,615
1924,UK,CON,"  7,854,523 ","  16,640,279 ",46.8%,  534 ,"  1,428 ",412,615
1924,UK,LAB,"  5,489,087 ","  16,640,279 ",33.3%,  514 ,"  1,428 ",151,615
1924,UK,LD,"  2,928,737 ","  16,640,279 ",17.8%,  339 ,"  1,428 ",40,615
1924,UK,PC/SNP,,"  16,640,279 ",,,"  1,428 ",,615
1924,UK,Other,"  367,932 ","  16,640,279 ",2.1%,  41 ,"  1,428 ",12,615
1929,UK,CON,"  8,656,225 ","  22,648,375 ",38.1%,  590 ,"  1,730 ",260,615
1929,UK,LAB,"  8,370,417 ","  22,648,375 ",37.1%,  569 ,"  1,730 ",287,615
1929,UK,LD,"  5,308,738 ","  22,648,375 ",23.5%,  513 ,"  1,730 ",59,615
1929,UK,PC/SNP,"  3,922 ","  22,648,375 ",0.0%,  3 ,"  1,730 ",0,615
1929,UK,Other,"  309,073 ","  22,648,375 ",1.3%,  55 ,"  1,730 ",9,615
1931,UK,CON,"  13,156,790 ","  21,656,373 ",60.7%,  583 ,"  1,292 ",522,615
1931,UK,LAB,"  6,649,630 ","  21,656,373 ",30.9%,  516 ,"  1,292 ",52,615
1931,UK,LD,"  1,476,123 ","  21,656,373 ",7.0%,  117 ,"  1,292 ",36,615
1931,UK,PC/SNP,"  23,004 ","  21,656,373 ",0.1%,  7 ,"  1,292 ",0,615
1931,UK,Other,"  350,826 ","  21,656,373 ",1.3%,  69 ,"  1,292 ",5,615
1935,UK,CON,"  11,755,654 ","  21,997,054 ",53.3%,  583 ,"  1,348 ",429,615
1935,UK,LAB,"  8,325,491 ","  21,997,054 ",38.0%,  552 ,"  1,348 ",154,615
1935,UK,LD,"  1,443,093 ","  21,997,054 ",6.7%,  161 ,"  1,348 ",21,615
1935,UK,PC/SNP,"  32,051 ","  21,997,054 ",0.1%,  9 ,"  1,348 ",0,615
1935,UK,Other,"  440,765 ","  21,997,054 ",1.9%,  43 ,"  1,348 ",11,615
1945,UK,CON,"  9,972,010 ","  25,095,195 ",39.6%,  618 ,"  1,683 ",210,640
1945,UK,LAB,"  11,967,746 ","  25,095,195 ",48.0%,  603 ,"  1,683 ",393,640
1945,UK,LD,"  2,252,430 ","  25,095,195 ",9.0%,  306 ,"  1,683 ",12,640
1945,UK,PC/SNP,"  46,612 ","  25,095,195 ",0.2%,  15 ,"  1,683 ",0,640
1945,UK,Other,"  856,397 ","  25,095,195 ",3.2%,  141 ,"  1,683 ",25,640
1950,UK,CON,"  12,492,404 ","  28,771,124 ",43.4%,  619 ,"  1,868 ",298,625
1950,UK,LAB,"  13,266,176 ","  28,771,124 ",46.1%,  617 ,"  1,868 ",315,625
1950,UK,LD,"  2,621,487 ","  28,771,124 ",9.1%,  475 ,"  1,868 ",9,625
1950,UK,PC/SNP,"  27,288 ","  28,771,124 ",0.1%,  10 ,"  1,868 ",0,625
1950,UK,Other,"  363,769 ","  28,771,124 ",1.3%,  147 ,"  1,868 ",3,625
1951,UK,CON,"  13,718,199 ","  28,596,594 ",48.0%,  617 ,"  1,376 ",321,625
1951,UK,LAB,"  13,948,883 ","  28,596,594 ",48.8%,  617 ,"  1,376 ",295,625
1951,UK,LD,"  730,546 ","  28,596,594 ",2.6%,  109 ,"  1,376 ",6,625
1951,UK,PC/SNP,"  18,219 ","  28,596,594 ",0.1%,  6 ,"  1,376 ",0,625
1951,UK,Other,"  180,747 ","  28,596,594 ",0.6%,  27 ,"  1,376 ",3,625
1955,UK,CON,"  13,310,891 ","  26,759,729 ",49.7%,  624 ,"  1,409 ",345,630
1955,UK,LAB,"  12,405,254 ","  26,759,729 ",46.4%,  620 ,"  1,409 ",277,630
1955,UK,LD,"  722,402 ","  26,759,729 ",2.7%,  110 ,"  1,409 ",6,630
1955,UK,PC/SNP,"  57,231 ","  26,759,729 ",0.2%,  13 ,"  1,409 ",0,630
1955,UK,Other,"  263,951 ","  26,759,729 ",1.0%,  42 ,"  1,409 ",2,630
1959,UK,CON,"  13,750,875 ","  27,862,652 ",49.4%,  625 ,"  1,536 ",365,630
1959,UK,LAB,"  12,216,172 ","  27,862,652 ",43.8%,  621 ,"  1,536 ",258,630
1959,UK,LD,"  1,640,760 ","  27,862,652 ",5.9%,  216 ,"  1,536 ",6,630
1959,UK,PC/SNP,"  99,309 ","  27,862,652 ",0.4%,  25 ,"  1,536 ",0,630
1959,UK,Other,"  155,536 ","  27,862,652 ",0.6%,  49 ,"  1,536 ",1,630
1964,UK,CON,"  12,002,642 ","  27,657,148 ",43.4%,  630 ,"  1,757 ",304,630
1964,UK,LAB,"  12,205,808 ","  27,657,148 ",44.1%,  628 ,"  1,757 ",317,630
1964,UK,LD,"  3,099,283 ","  27,657,148 ",11.2%,  365 ,"  1,757 ",9,630
1964,UK,PC/SNP,"  133,551 ","  27,657,148 ",0.5%,  38 ,"  1,757 ",0,630
1964,UK,Other,"  215,864 ","  27,657,148 ",0.8%,  96 ,"  1,757 ",0,630
1966,UK,CON,"  11,418,455 ","  27,264,747 ",41.9%,  629 ,"  1,707 ",253,630
1966,UK,LAB,"  13,096,629 ","  27,264,747 ",48.0%,  622 ,"  1,707 ",364,630
1966,UK,LD,"  2,327,457 ","  27,264,747 ",8.5%,  311 ,"  1,707 ",12,630
1966,UK,PC/SNP,"  189,545 ","  27,264,747 ",0.7%,  43 ,"  1,707 ",0,630
1966,UK,Other,"  232,661 ","  27,264,747 ",0.9%,  102 ,"  1,707 ",1,630
1970,UK,CON,"  13,145,123 ","  28,344,798 ",46.4%,  628 ,"  1,837 ",330,630
1970,UK,LAB,"  12,208,758 ","  28,344,798 ",43.1%,  625 ,"  1,837 ",288,630
1970,UK,LD,"  2,117,035 ","  28,344,798 ",7.5%,  332 ,"  1,837 ",6,630
1970,UK,PC/SNP,"  481,818 ","  28,344,798 ",1.7%,  101 ,"  1,837 ",1,630
1970,UK,Other,"  392,064 ","  28,344,798 ",1.4%,  151 ,"  1,837 ",5,630
1974F,UK,CON,"  11,872,180 ","  31,340,162 ",37.9%,  623 ,"  2,135 ",297,635
1974F,UK,LAB,"  11,645,616 ","  31,340,162 ",37.2%,  623 ,"  2,135 ",301,635
1974F,UK,LD,"  6,059,519 ","  31,340,162 ",19.3%,  517 ,"  2,135 ",14,635
1974F,UK,PC/SNP,"  804,554 ","  31,340,162 ",2.6%,  106 ,"  2,135 ",9,635
1974F,UK,Other,"  958,293 ","  31,340,162 ",3.1%,  266 ,"  2,135 ",14,635
1974O,UK,CON,"  10,462,565 ","  29,189,104 ",35.8%,  622 ,"  2,252 ",277,635
1974O,UK,LAB,"  11,457,079 ","  29,189,104 ",39.3%,  623 ,"  2,252 ",319,635
1974O,UK,LD,"  5,346,704 ","  29,189,104 ",18.3%,  619 ,"  2,252 ",13,635
1974O,UK,PC/SNP,"  1,005,938 ","  29,189,104 ",3.4%,  107 ,"  2,252 ",14,635
1974O,UK,Other,"  916,818 ","  29,189,104 ",3.1%,  281 ,"  2,252 ",12,635
1979,UK,CON,"  13,697,923 ","  31,221,362 ",43.9%,  622 ,"  2,576 ",339,635
1979,UK,LAB,"  11,532,218 ","  31,221,362 ",36.9%,  623 ,"  2,576 ",269,635
1979,UK,LD,"  4,313,804 ","  31,221,362 ",13.8%,  577 ,"  2,576 ",11,635
1979,UK,PC/SNP,"  636,803 ","  31,221,362 ",2.0%,  107 ,"  2,576 ",4,635
1979,UK,Other,"  1,040,614 ","  31,221,362 ",3.3%,  647 ,"  2,576 ",12,635
1983,UK,CON,"  13,012,316 ","  30,671,137 ",42.4%,  633 ,"  2,578 ",397,650
1983,UK,LAB,"  8,456,934 ","  30,671,137 ",27.6%,  633 ,"  2,578 ",209,650
1983,UK,LD,"  7,780,949 ","  30,671,137 ",25.4%,  633 ,"  2,578 ",23,650
1983,UK,PC/SNP,"  457,284 ","  30,671,137 ",1.5%,  110 ,"  2,578 ",4,650
1983,UK,Other,"  963,654 ","  30,671,137 ",3.1%,  569 ,"  2,578 ",17,650
1987,UK,CON,"  13,760,583 ","  32,529,578 ",42.3%,  633 ,"  2,325 ",376,650
1987,UK,LAB,"  10,029,807 ","  32,529,578 ",30.8%,  633 ,"  2,325 ",229,650
1987,UK,LD,"  7,341,633 ","  32,529,578 ",22.6%,  633 ,"  2,325 ",22,650
1987,UK,PC/SNP,"  540,072 ","  32,529,578 ",1.7%,  109 ,"  2,325 ",6,650
1987,UK,Other,"  857,483 ","  32,529,578 ",2.6%,  317 ,"  2,325 ",17,650
1992,UK,CON,"  14,093,007 ","  33,614,074 ",41.9%,  645 ,"  2,949 ",336,651
1992,UK,LAB,"  11,560,484 ","  33,614,074 ",34.4%,  634 ,"  2,949 ",271,651
1992,UK,LD,"  5,999,606 ","  33,614,074 ",17.8%,  632 ,"  2,949 ",20,651
1992,UK,PC/SNP,"  784,511 ","  33,614,074 ",2.3%,  107 ,"  2,949 ",7,651
1992,UK,Other,"  1,176,466 ","  33,614,074 ",3.5%,  931 ,"  2,949 ",17,651
1997,UK,CON,"  9,600,943 ","  31,286,284 ",30.7%,  648 ,"  3,724 ",165,659
1997,UK,LAB,"  13,518,167 ","  31,286,284 ",43.2%,  639 ,"  3,724 ",418,659
1997,UK,LD,"  5,242,947 ","  31,286,284 ",16.8%,  639 ,"  3,724 ",46,659
1997,UK,PC/SNP,"  782,580 ","  31,286,284 ",2.5%,  112 ,"  3,724 ",10,659
1997,UK,Other,"  2,141,647 ","  31,286,284 ",6.8%,"  1,686 ","  3,724 ",20,659
2001,UK,CON,"  8,337,615 ","  26,367,383 ",31.6%,  643 ,"  3,319 ",166,659
2001,UK,LAB,"  10,724,953 ","  26,367,383 ",40.7%,  640 ,"  3,319 ",412,659
2001,UK,LD,"  4,814,321 ","  26,367,383 ",18.3%,  639 ,"  3,319 ",52,659
2001,UK,PC/SNP,"  660,207 ","  26,367,383 ",2.5%,  112 ,"  3,319 ",9,659
2001,UK,Other,"  1,830,287 ","  26,367,383 ",6.9%,"  1,285 ","  3,319 ",20,659
2005,UK,CON,"  8,784,915 ","  27,148,510 ",32.4%,  630 ,"  3,554 ",198,646
2005,UK,LAB,"  9,552,436 ","  27,148,510 ",35.2%,  627 ,"  3,554 ",355,646
2005,UK,LD,"  5,985,454 ","  27,148,510 ",22.0%,  626 ,"  3,554 ",62,646
2005,UK,PC/SNP,"  587,105 ","  27,148,510 ",2.2%,  99 ,"  3,554 ",9,646
2005,UK,Other,"  2,238,600 ","  27,148,510 ",8.2%,"  1,572 ","  3,554 ",22,646
2010,UK,CON,"  10,703,654 ","  29,687,604 ",36.1%,  631 ,"  4,150 ",306,650
2010,UK,LAB,"  8,606,517 ","  29,687,604 ",29.0%,  631 ,"  4,150 ",258,650
2010,UK,LD,"  6,836,248 ","  29,687,604 ",23.0%,  631 ,"  4,150 ",57,650
2010,UK,PC/SNP,"  656,780 ","  29,687,604 ",2.2%,  99 ,"  4,150 ",9,650
2010,UK,Other,"  2,884,405 ","  29,687,604 ",9.7%,"  2,158 ","  4,150 ",20,650
2015,UK,CON,"  11,299,600 ","  30,697,500 ",36.8%,  647 ,"  3,971 ",330,650
2015,UK,LAB,"  9,347,300 ","  30,697,500 ",30.4%,  631 ,"  3,971 ",232,650
2015,UK,LD,"  2,415,900 ","  30,697,500 ",7.9%,  631 ,"  3,971 ",8,650
2015,UK,PC/SNP,"  1,636,100 ","  30,697,500 ",5.3%,  99 ,"  3,971 ",59,650
2015,UK,Other,"  5,998,600 ","  30,697,500 ",19.5%,"  1,963 ","  3,971 ",21,650
2017,UK,CON,"  13,636,690 ","  32,204,141 ",42.3%,  638 ,"  3,304 ",317,650
2017,UK,LAB,"  12,877,869 ","  32,204,141 ",40.0%,  631 ,"  3,304 ",262,650
2017,UK,LD,"  2,371,861 ","  32,204,141 ",7.4%,  629 ,"  3,304 ",12,650
2017,UK,PC/SNP,"  1,142,034 ","  32,204,141 ",3.5%,  99 ,"  3,304 ",39,650
2017,UK,Other,"  2,175,687 ","  32,204,141 ",6.8%,"  1,307 ","  3,304 ",20,650
2019,UK,CON,"  13,966,454 ","  32,014,110 ",43.6%,  635 ,"  3,320 ",365,650
2019,UK,LAB,"  10,269,051 ","  32,014,110 ",32.1%,  631 ,"  3,320 ",202,650
2019,UK,LD,"  3,696,419 ","  32,014,110 ",11.5%,  611 ,"  3,320 ",11,650
2019,UK,PC/SNP,"  1,395,645 ","  32,014,110 ",4.4%,  95 ,"  3,320 ",52,650
2019,UK,Other,"  2,686,541 ","  32,014,110 ",8.4%,"  1,348 ","  3,320 ",20,650
1918,GB,CON,"  3,854,979 ","  9,747,593 ",39.5%,  409 ,"  1,419 ",359,606
1918,GB,LAB,"  2,245,777 ","  9,747,593 ",23.0%,  361 ,"  1,419 ",57,606
1918,GB,LD,"  2,785,374 ","  9,747,593 ",28.6%,  421 ,"  1,419 ",163,606
1918,GB,PC/SNP,,"  9,747,593 ",,,"  1,419 ",,606
1918,GB,Other,"  861,463 ","  9,747,593 ",9.0%,  228 ,"  1,419 ",27,606
1922,GB,CON,"  5,394,326 ","  14,184,444 ",38.0%,  470 ,"  1,426 ",334,603
1922,GB,LAB,"  4,237,349 ","  14,184,444 ",29.9%,  414 ,"  1,426 ",142,603
1922,GB,LD,"  4,139,460 ","  14,184,444 ",29.2%,  485 ,"  1,426 ",115,603
1922,GB,PC/SNP,,"  14,184,444 ",,,"  1,426 ",,603
1922,GB,Other,"  413,309 ","  14,184,444 ",2.9%,  57 ,"  1,426 ",12,603
1923,GB,CON,"  5,397,380 ","  14,305,437 ",37.7%,  524 ,"  1,430 ",248,603
1923,GB,LAB,"  4,439,780 ","  14,305,437 ",31.0%,  427 ,"  1,430 ",191,603
1923,GB,LD,"  4,301,481 ","  14,305,437 ",30.1%,  457 ,"  1,430 ",158,603
1923,GB,PC/SNP,,"  14,305,437 ",,,"  1,430 ",,603
1923,GB,Other,"  166,796 ","  14,305,437 ",1.2%,  22 ,"  1,430 ",6,603
1924,GB,CON,"  7,403,245 ","  16,120,905 ",45.9%,  522 ,"  1,406 ",400,603
1924,GB,LAB,"  5,489,087 ","  16,120,905 ",34.0%,  514 ,"  1,406 ",151,603
1924,GB,LD,"  2,928,737 ","  16,120,905 ",18.2%,  339 ,"  1,406 ",40,603
1924,GB,PC/SNP,,"  16,120,905 ",,,"  1,406 ",,603
1924,GB,Other,"  299,836 ","  16,120,905 ",1.9%,  31 ,"  1,406 ",12,603
1929,GB,CON,"  8,301,568 ","  22,138,322 ",37.5%,  580 ,"  1,708 ",250,603
1929,GB,LAB,"  8,370,417 ","  22,138,322 ",37.8%,  569 ,"  1,708 ",287,603
1929,GB,LD,"  5,208,635 ","  22,138,322 ",23.5%,  507 ,"  1,708 ",59,603
1929,GB,PC/SNP,,"  22,138,322 ",0.0%,  3 ,"  1,708 ",0,603
1929,GB,Other,"  253,780 ","  22,138,322 ",1.2%,  49 ,"  1,708 ",7,603
1931,GB,CON,"  13,007,224 ","  21,374,344 ",60.9%,  571 ,"  1,276 ",512,603
1931,GB,LAB,"  6,640,220 ","  21,374,344 ",31.1%,  515 ,"  1,276 ",52,603
1931,GB,LD,"  1,476,123 ","  21,374,344 ",6.9%,  117 ,"  1,276 ",36,603
1931,GB,PC/SNP,"  23,004 ","  21,374,344 ",0.1%,  7 ,"  1,276 ",0,603
1931,GB,Other,"  227,773 ","  21,374,344 ",1.0%,  66 ,"  1,276 ",3,603
1935,GB,CON,"  11,462,814 ","  21,545,887 ",53.2%,  571 ,"  1,331 ",419,603
1935,GB,LAB,"  8,325,491 ","  21,545,887 ",38.6%,  552 ,"  1,331 ",154,603
1935,GB,LD,"  1,443,093 ","  21,545,887 ",6.7%,  161 ,"  1,331 ",21,603
1935,GB,PC/SNP,"  32,051 ","  21,545,887 ",0.1%,  9 ,"  1,331 ",0,603
1935,GB,Other,"  282,438 ","  21,545,887 ",1.4%,  38 ,"  1,331 ",9,603
1945,GB,CON,"  9,579,560 ","  24,375,430 ",39.3%,  606 ,"  1,659 ",202,628
1945,GB,LAB,"  11,902,287 ","  24,375,430 ",48.8%,  598 ,"  1,659 ",393,628
1945,GB,LD,"  2,252,430 ","  24,375,430 ",9.2%,  306 ,"  1,659 ",12,628
1945,GB,PC/SNP,"  46,612 ","  24,375,430 ",0.2%,  15 ,"  1,659 ",0,628
1945,GB,Other,"  594,541 ","  24,375,430 ",2.4%,  134 ,"  1,659 ",21,628
1950,GB,CON,"  12,140,070 ","  28,209,686 ",43.0%,  607 ,"  1,845 ",288,613
1950,GB,LAB,"  13,198,360 ","  28,209,686 ",46.8%,  612 ,"  1,845 ",315,613
1950,GB,LD,"  2,621,487 ","  28,209,686 ",9.3%,  475 ,"  1,845 ",9,613
1950,GB,PC/SNP,"  27,288 ","  28,209,686 ",0.1%,  10 ,"  1,845 ",0,613
1950,GB,Other,"  222,481 ","  28,209,686 ",0.8%,  141 ,"  1,845 ",1,613
1951,GB,CON,"  13,443,271 ","  28,133,381 ",47.8%,  605 ,"  1,356 ",312,613
1951,GB,LAB,"  13,886,559 ","  28,133,381 ",49.4%,  613 ,"  1,356 ",295,613
1951,GB,LD,"  730,546 ","  28,133,381 ",2.6%,  109 ,"  1,356 ",6,613
1951,GB,PC/SNP,"  18,219 ","  28,133,381 ",0.1%,  6 ,"  1,356 ",0,613
1951,GB,Other,"  54,786 ","  28,133,381 ",0.2%,  23 ,"  1,356 ",0,613
1955,GB,CON,"  12,868,244 ","  26,113,108 ",49.3%,  612 ,"  1,381 ",335,618
1955,GB,LAB,"  12,369,640 ","  26,113,108 ",47.4%,  617 ,"  1,381 ",277,618
1955,GB,LD,"  722,402 ","  26,113,108 ",2.8%,  110 ,"  1,381 ",6,618
1955,GB,PC/SNP,"  57,231 ","  26,113,108 ",0.2%,  13 ,"  1,381 ",0,618
1955,GB,Other,"  95,591 ","  26,113,108 ",0.4%,  29 ,"  1,381 ",0,618
1959,GB,CON,"  13,305,862 ","  27,286,539 ",48.8%,  613 ,"  1,507 ",353,618
1959,GB,LAB,"  12,171,802 ","  27,286,539 ",44.6%,  618 ,"  1,507 ",258,618
1959,GB,LD,"  1,637,507 ","  27,286,539 ",6.0%,  215 ,"  1,507 ",6,618
1959,GB,PC/SNP,"  99,309 ","  27,286,539 ",0.4%,  25 ,"  1,507 ",0,618
1959,GB,Other,"  72,059 ","  27,286,539 ",0.3%,  36 ,"  1,507 ",1,618
1964,GB,CON,"  11,600,745 ","  27,018,832 ",42.9%,  618 ,"  1,718 ",292,618
1964,GB,LAB,"  12,103,049 ","  27,018,832 ",44.8%,  618 ,"  1,718 ",317,618
1964,GB,LD,"  3,081,929 ","  27,018,832 ",11.4%,  361 ,"  1,718 ",9,618
1964,GB,PC/SNP,"  133,551 ","  27,018,832 ",0.5%,  38 ,"  1,718 ",0,618
1964,GB,Other,"  99,558 ","  27,018,832 ",0.4%,  83 ,"  1,718 ",0,618
1966,GB,CON,"  11,049,826 ","  26,668,510 ",41.4%,  617 ,"  1,680 ",242,618
1966,GB,LAB,"  13,024,016 ","  26,668,510 ",48.8%,  618 ,"  1,680 ",364,618
1966,GB,LD,"  2,298,348 ","  26,668,510 ",8.6%,  308 ,"  1,680 ",12,618
1966,GB,PC/SNP,"  189,545 ","  26,668,510 ",0.7%,  43 ,"  1,680 ",0,618
1966,GB,Other,"  106,775 ","  26,668,510 ",0.4%,  94 ,"  1,680 ",0,618
1970,GB,CON,"  12,723,082 ","  27,565,685 ",46.2%,  616 ,"  1,797 ",322,618
1970,GB,LAB,"  12,110,564 ","  27,565,685 ",43.9%,  618 ,"  1,797 ",288,618
1970,GB,LD,"  2,105,030 ","  27,565,685 ",7.6%,  328 ,"  1,797 ",6,618
1970,GB,PC/SNP,"  481,818 ","  27,565,685 ",1.7%,  101 ,"  1,797 ",1,618
1970,GB,Other,"  145,191 ","  27,565,685 ",0.5%,  134 ,"  1,797 ",1,618
1974F,GB,CON,"  11,872,180 ","  30,622,536 ",38.8%,  623 ,"  2,087 ",297,623
1974F,GB,LAB,"  11,645,616 ","  30,622,536 ",38.0%,  623 ,"  2,087 ",301,623
1974F,GB,LD,"  6,059,519 ","  30,622,536 ",19.8%,  517 ,"  2,087 ",14,623
1974F,GB,PC/SNP,"  804,554 ","  30,622,536 ",2.6%,  106 ,"  2,087 ",9,623
1974F,GB,Other,"  240,667 ","  30,622,536 ",0.8%,  218 ,"  2,087 ",2,623
1974O,GB,CON,"  10,462,565 ","  28,487,010 ",36.7%,  622 ,"  2,209 ",277,623
1974O,GB,LAB,"  11,457,079 ","  28,487,010 ",40.2%,  623 ,"  2,209 ",319,623
1974O,GB,LD,"  5,346,704 ","  28,487,010 ",18.8%,  619 ,"  2,209 ",13,623
1974O,GB,PC/SNP,"  1,005,938 ","  28,487,010 ",3.5%,  107 ,"  2,209 ",14,623
1974O,GB,Other,"  214,724 ","  28,487,010 ",0.8%,  238 ,"  2,209 ",0,623
1979,GB,CON,"  13,697,923 ","  30,525,475 ",44.9%,  622 ,"  2,512 ",339,623
1979,GB,LAB,"  11,532,218 ","  30,525,475 ",37.8%,  623 ,"  2,512 ",269,623
1979,GB,LD,"  4,313,804 ","  30,525,475 ",14.1%,  577 ,"  2,512 ",11,623
1979,GB,PC/SNP,"  636,803 ","  30,525,475 ",2.1%,  107 ,"  2,512 ",4,623
1979,GB,Other,"  344,727 ","  30,525,475 ",1.1%,  583 ,"  2,512 ",0,623
1983,GB,CON,"  13,012,316 ","  29,906,212 ",43.5%,  633 ,"  2,483 ",397,633
1983,GB,LAB,"  8,456,934 ","  29,906,212 ",28.3%,  633 ,"  2,483 ",209,633
1983,GB,LD,"  7,780,949 ","  29,906,212 ",26.0%,  633 ,"  2,483 ",23,633
1983,GB,PC/SNP,"  457,284 ","  29,906,212 ",1.5%,  110 ,"  2,483 ",4,633
1983,GB,Other,"  198,729 ","  29,906,212 ",0.7%,  474 ,"  2,483 ",0,633
1987,GB,CON,"  13,760,583 ","  31,799,426 ",43.3%,  633 ,"  2,248 ",376,633
1987,GB,LAB,"  10,029,807 ","  31,799,426 ",31.5%,  633 ,"  2,248 ",229,633
1987,GB,LD,"  7,341,633 ","  31,799,426 ",23.1%,  633 ,"  2,248 ",22,633
1987,GB,PC/SNP,"  540,072 ","  31,799,426 ",1.7%,  109 ,"  2,248 ",6,633
1987,GB,Other,"  127,331 ","  31,799,426 ",0.4%,  240 ,"  2,248 ",0,633
1992,GB,CON,"  14,048,399 ","  32,828,981 ",42.8%,  634 ,"  2,849 ",336,634
1992,GB,LAB,"  11,560,484 ","  32,828,981 ",35.2%,  634 ,"  2,849 ",271,634
1992,GB,LD,"  5,999,606 ","  32,828,981 ",18.3%,  632 ,"  2,849 ",20,634
1992,GB,PC/SNP,"  784,511 ","  32,828,981 ",2.4%,  107 ,"  2,849 ",7,634
1992,GB,Other,"  435,981 ","  32,828,981 ",1.3%,  842 ,"  2,849 ",0,634
1997,GB,CON,"  9,591,085 ","  30,495,522 ",31.5%,  640 ,"  3,599 ",165,641
1997,GB,LAB,"  13,518,167 ","  30,495,522 ",44.3%,  639 ,"  3,599 ",418,641
1997,GB,LD,"  5,242,947 ","  30,495,522 ",17.2%,  639 ,"  3,599 ",46,641
1997,GB,PC/SNP,"  782,580 ","  30,495,522 ",2.6%,  112 ,"  3,599 ",10,641
1997,GB,Other,"  1,360,743 ","  30,495,522 ",4.5%,"  1,569 ","  3,599 ",2,641
2001,GB,CON,"  8,335,193 ","  25,557,009 ",32.6%,  640 ,"  3,219 ",166,641
2001,GB,LAB,"  10,724,953 ","  25,557,009 ",42.0%,  640 ,"  3,219 ",412,641
2001,GB,LD,"  4,814,321 ","  25,557,009 ",18.8%,  639 ,"  3,219 ",52,641
2001,GB,PC/SNP,"  660,207 ","  25,557,009 ",2.6%,  112 ,"  3,219 ",9,641
2001,GB,Other,"  1,022,335 ","  25,557,009 ",4.0%,"  1,188 ","  3,219 ",2,641
2005,GB,CON,"  8,782,197 ","  26,430,908 ",33.2%,  627 ,"  3,449 ",198,628
2005,GB,LAB,"  9,552,436 ","  26,430,908 ",36.1%,  627 ,"  3,449 ",355,628
2005,GB,LD,"  5,985,454 ","  26,430,908 ",22.6%,  626 ,"  3,449 ",62,628
2005,GB,PC/SNP,"  587,105 ","  26,430,908 ",2.2%,  99 ,"  3,449 ",9,628
2005,GB,Other,"  1,523,716 ","  26,430,908 ",5.8%,"  1,470 ","  3,449 ",4,628
2010,GB,CON,"  10,703,654 ","  29,013,733 ",36.9%,  631 ,"  4,042 ",306,632
2010,GB,LAB,"  8,606,517 ","  29,013,733 ",29.7%,  631 ,"  4,042 ",258,632
2010,GB,LD,"  6,836,248 ","  29,013,733 ",23.6%,  631 ,"  4,042 ",57,632
2010,GB,PC/SNP,"  656,780 ","  29,013,733 ",2.3%,  99 ,"  4,042 ",9,632
2010,GB,Other,"  2,210,534 ","  29,013,733 ",7.6%,"  2,050 ","  4,042 ",2,632
2015,GB,CON,"  11,290,600 ","  29,982,100 ",37.7%,  631 ,"  3,833 ",330,632
2015,GB,LAB,"  9,347,300 ","  29,982,100 ",31.2%,  631 ,"  3,833 ",232,632
2015,GB,LD,"  2,415,900 ","  29,982,100 ",8.1%,  631 ,"  3,833 ",8,632
2015,GB,PC/SNP,"  1,635,700 ","  29,982,100 ",5.5%,  99 ,"  3,833 ",59,632
2015,GB,Other,"  5,292,600 ","  29,982,100 ",17.7%,"  1,841 ","  3,833 ",3,632
2017,GB,CON,"  13,632,800 ","  31,391,100 ",43.4%,  631 ,"  3,195 ",317,632
2017,GB,LAB,"  12,877,900 ","  31,391,100 ",41.0%,  631 ,"  3,195 ",262,632
2017,GB,LD,"  2,371,000 ","  31,391,100 ",7.6%,  629 ,"  3,195 ",12,632
2017,GB,PC/SNP,"  1,142,000 ","  31,391,100 ",3.6%,  99 ,"  3,195 ",39,632
2017,GB,Other,"  1,367,400 ","  31,391,100 ",4.4%,"  1,205 ","  3,195 ",2,632
2019,GB,CON,"  13,961,021 ","  31,215,075 ",44.7%,  631 ,"  3,218 ",365,632
2019,GB,LAB,"  10,269,051 ","  31,215,075 ",32.9%,  631 ,"  3,218 ",202,632
2019,GB,LD,"  3,696,419 ","  31,215,075 ",11.8%,  611 ,"  3,218 ",11,632
2019,GB,PC/SNP,"  1,395,645 ","  31,215,075 ",4.5%,  95 ,"  3,218 ",52,632
2019,GB,Other,"  1,892,939 ","  31,215,075 ",6.1%,"  1,250 ","  3,218 ",2,632
1918,E,CON,"  3,414,631 ","  8,050,878 ",42.6%,  352 ,"  1,151 ",315,485
1918,E,LAB,"  1,811,739 ","  8,050,878 ",22.6%,  291 ,"  1,151 ",42,485
1918,E,LD,"  2,135,571 ","  8,050,878 ",26.3%,  327 ,"  1,151 ",107,485
1918,E,PC/SNP,  -   ,"  8,050,878 ",,,"  1,151 ",,485
1918,E,Other,"  688,937 ","  8,050,878 ",8.5%,  181 ,"  1,151 ",21,485
1922,E,CON,"  4,809,797 ","  11,696,430 ",41.5%,  406 ,"  1,156 ",307,485
1922,E,LAB,"  3,370,430 ","  11,696,430 ",28.8%,  340 ,"  1,156 ",95,485
1922,E,LD,"  3,210,938 ","  11,696,430 ",27.2%,  368 ,"  1,156 ",75,485
1922,E,PC/SNP,  -   ,"  11,696,430 ",,,"  1,156 ",,485
1922,E,Other,"  305,265 ","  11,696,430 ",2.5%,  42 ,"  1,156 ",8,485
1923,E,CON,"  4,732,176 ","  11,927,085 ",39.8%,  444 ,"  1,166 ",221,485
1923,E,LAB,"  3,549,888 ","  11,927,085 ",29.7%,  350 ,"  1,166 ",138,485
1923,E,LD,"  3,572,335 ","  11,927,085 ",29.9%,  362 ,"  1,166 ",123,485
1923,E,PC/SNP,  -   ,"  11,927,085 ",,,"  1,166 ",,485
1923,E,Other,"  72,686 ","  11,927,085 ",0.6%,  10 ,"  1,166 ",3,485
1924,E,CON,"  6,460,266 ","  13,561,558 ",47.7%,  440 ,"  1,159 ",347,485
1924,E,LAB,"  4,467,236 ","  13,561,558 ",32.8%,  414 ,"  1,159 ",109,485
1924,E,LD,"  2,388,429 ","  13,561,558 ",17.6%,  280 ,"  1,159 ",19,485
1924,E,PC/SNP,  -   ,"  13,561,558 ",,,"  1,159 ",,485
1924,E,Other,"  245,627 ","  13,561,558 ",1.9%,  25 ,"  1,159 ",10,485
1929,E,CON,"  7,177,551 ","  18,502,245 ",38.8%,  469 ,"  1,388 ",221,485
1929,E,LAB,"  6,850,738 ","  18,502,245 ",36.9%,  467 ,"  1,388 ",226,485
1929,E,LD,"  4,340,703 ","  18,502,245 ",23.6%,  422 ,"  1,388 ",35,485
1929,E,PC/SNP,  -   ,"  18,502,245 ",,,"  1,388 ",,485
1929,E,Other,"  133,253 ","  18,502,245 ",0.7%,  30 ,"  1,388 ",3,485
1931,E,CON,"  11,478,385 ","  18,083,034 ",63.3%,  476 ,"  1,032 ",436,485
1931,E,LAB,"  5,464,425 ","  18,083,034 ",30.2%,  428 ,"  1,032 ",29,485
1931,E,LD,"  1,039,499 ","  18,083,034 ",6.0%,  87 ,"  1,032 ",19,485
1931,E,PC/SNP,  -   ,"  18,083,034 ",,,"  1,032 ",,485
1931,E,Other,"  100,725 ","  18,083,034 ",0.5%,  41 ,"  1,032 ",1,485
1935,E,CON,"  9,987,937 ","  18,273,035 ",54.5%,  473 ,"  1,078 ",357,485
1935,E,LAB,"  7,054,050 ","  18,273,035 ",38.5%,  452 ,"  1,078 ",116,485
1935,E,LD,"  1,108,971 ","  18,273,035 ",6.3%,  132 ,"  1,078 ",11,485
1935,E,PC/SNP,  -   ,"  18,273,035 ",,,"  1,078 ",,485
1935,E,Other,"  122,077 ","  18,273,035 ",0.7%,  21 ,"  1,078 ",1,485
1945,E,CON,"  8,269,191 ","  20,539,020 ",40.2%,  507 ,"  1,363 ",167,510
1945,E,LAB,"  9,972,519 ","  20,539,020 ",48.5%,  494 ,"  1,363 ",331,510
1945,E,LD,"  1,913,917 ","  20,539,020 ",9.4%,  265 ,"  1,363 ",5,510
1945,E,PC/SNP,  -   ,"  20,539,020 ",,,"  1,363 ",,510
1945,E,Other,"  383,393 ","  20,539,020 ",1.9%,  97 ,"  1,363 ",7,510
1950,E,CON,"  10,499,392 ","  23,954,448 ",43.8%,  504 ,"  1,528 ",253,506
1950,E,LAB,"  11,050,966 ","  23,954,448 ",46.1%,  505 ,"  1,528 ",251,506
1950,E,LD,"  2,248,127 ","  23,954,448 ",9.4%,  413 ,"  1,528 ",2,506
1950,E,PC/SNP,  -   ,"  23,954,448 ",,,"  1,528 ",,506
1950,E,Other,"  155,963 ","  23,954,448 ",0.7%,  106 ,"  1,528 ",0,506
1951,E,CON,"  11,622,704 ","  23,826,095 ",48.8%,  502 ,"  1,528 ",271,506
1951,E,LAB,"  11,630,467 ","  23,826,095 ",48.8%,  506 ,"  1,528 ",233,506
1951,E,LD,"  537,434 ","  23,826,095 ",2.3%,  91 ,"  1,528 ",2,506
1951,E,PC/SNP,  -   ,"  23,826,095 ",,,"  1,528 ",,506
1951,E,Other,"  35,490 ","  23,826,095 ",0.1%,  13 ,"  1,528 ",0,506
1955,E,CON,"  11,165,436 ","  22,136,130 ",50.4%,  509 ,"  1,134 ",293,511
1955,E,LAB,"  10,355,892 ","  22,136,130 ",46.8%,  510 ,"  1,134 ",216,511
1955,E,LD,"  571,034 ","  22,136,130 ",2.6%,  95 ,"  1,134 ",2,511
1955,E,PC/SNP,  -   ,"  22,136,130 ",,,"  1,134 ",,511
1955,E,Other,"  43,768 ","  22,136,130 ",0.2%,  20 ,"  1,134 ",0,511
1959,E,CON,"  11,559,240 ","  23,127,769 ",50.0%,  509 ,"  1,234 ",315,511
1959,E,LAB,"  10,085,097 ","  23,127,769 ",43.6%,  511 ,"  1,234 ",193,511
1959,E,LD,"  1,449,593 ","  23,127,769 ",6.3%,  191 ,"  1,234 ",3,511
1959,E,PC/SNP,  -   ,"  23,127,769 ",,,"  1,234 ",,511
1959,E,Other,"  33,839 ","  23,127,769 ",0.1%,  23 ,"  1,234 ",0,511
1964,E,CON,"  10,106,028 ","  22,937,251 ",44.1%,  511 ,"  1,409 ",262,511
1964,E,LAB,"  9,982,360 ","  22,937,251 ",43.5%,  511 ,"  1,409 ",246,511
1964,E,LD,"  2,775,752 ","  22,937,251 ",12.1%,  323 ,"  1,409 ",3,511
1964,E,PC/SNP,  -   ,"  22,937,251 ",,,"  1,409 ",,511
1964,E,Other,"  73,111 ","  22,937,251 ",0.3%,  64 ,"  1,409 ",0,511
1966,E,CON,"  9,692,356 ","  22,692,695 ",42.7%,  510 ,"  1,363 ",219,511
1966,E,LAB,"  10,886,408 ","  22,692,695 ",48.0%,  511 ,"  1,363 ",285,511
1966,E,LD,"  2,036,793 ","  22,692,695 ",9.0%,  273 ,"  1,363 ",6,511
1966,E,PC/SNP,  -   ,"  22,692,695 ",,,"  1,363 ",,511
1966,E,Other,"  77,138 ","  22,692,695 ",0.3%,  69 ,"  1,363 ",1,511
1970,E,CON,"  11,282,524 ","  23,360,896 ",48.3%,  510 ,"  1,403 ",292,511
1970,E,LAB,"  10,131,555 ","  23,360,896 ",43.4%,  511 ,"  1,403 ",216,511
1970,E,LD,"  1,853,616 ","  23,360,896 ",7.9%,  282 ,"  1,403 ",2,511
1970,E,PC/SNP,  -   ,"  23,360,896 ",,,"  1,403 ",,511
1970,E,Other,"  93,201 ","  23,360,896 ",0.4%,  100 ,"  1,403 ",1,511
1974F,E,CON,"  10,508,977 ","  26,141,618 ",40.2%,  516 ,"  1,674 ",268,516
1974F,E,LAB,"  9,842,468 ","  26,141,618 ",37.7%,  516 ,"  1,674 ",237,516
1974F,E,LD,"  5,574,934 ","  26,141,618 ",21.3%,  452 ,"  1,674 ",9,516
1974F,E,PC/SNP,  -   ,"  26,141,618 ",,,"  1,674 ",,516
1974F,E,Other,"  215,239 ","  26,141,618 ",0.8%,  190 ,"  1,674 ",2,516
1974O,E,CON,"  9,414,008 ","  24,191,069 ",38.9%,  515 ,"  1,766 ",253,516
1974O,E,LAB,"  9,695,051 ","  24,191,069 ",40.1%,  516 ,"  1,766 ",255,516
1974O,E,LD,"  4,878,792 ","  24,191,069 ",20.2%,  515 ,"  1,766 ",8,516
1974O,E,PC/SNP,  -   ,"  24,191,069 ",,,"  1,766 ",,516
1974O,E,Other,"  203,218 ","  24,191,069 ",0.8%,  220 ,"  1,766 ",0,516
1979,E,CON,"  12,255,514 ","  25,972,250 ",47.2%,  516 ,"  2,074 ",306,516
1979,E,LAB,"  9,525,280 ","  25,972,250 ",36.7%,  516 ,"  2,074 ",203,516
1979,E,LD,"  3,878,055 ","  25,972,250 ",14.9%,  506 ,"  2,074 ",7,516
1979,E,PC/SNP,  -   ,"  25,972,250 ",,,"  2,074 ",,516
1979,E,Other,"  313,401 ","  25,972,250 ",1.2%,  536 ,"  2,074 ",0,516
1983,E,CON,"  11,711,519 ","  25,472,646 ",46.0%,  523 ,"  2,000 ",362,523
1983,E,LAB,"  6,862,422 ","  25,472,646 ",26.9%,  523 ,"  2,000 ",148,523
1983,E,LD,"  6,714,957 ","  25,472,646 ",26.4%,  523 ,"  2,000 ",13,523
1983,E,PC/SNP,  -   ,"  25,472,646 ",,,"  2,000 ",,523
1983,E,Other,"  183,748 ","  25,472,646 ",0.7%,  431 ,"  2,000 ",0,523
1987,E,CON,"  12,546,186 ","  27,133,522 ",46.2%,  523 ,"  1,782 ",358,523
1987,E,LAB,"  8,006,466 ","  27,133,522 ",29.5%,  523 ,"  1,782 ",155,523
1987,E,LD,"  6,467,350 ","  27,133,522 ",23.8%,  523 ,"  1,782 ",10,523
1987,E,PC/SNP,  -   ,"  27,133,522 ",,,"  1,782 ",,523
1987,E,Other,"  113,520 ","  27,133,522 ",0.4%,  213 ,"  1,782 ",0,523
1992,E,CON,"  12,796,772 ","  28,148,506 ",45.5%,  524 ,"  2,328 ",319,524
1992,E,LAB,"  9,551,910 ","  28,148,506 ",33.9%,  524 ,"  2,328 ",195,524
1992,E,LD,"  5,398,293 ","  28,148,506 ",19.2%,  522 ,"  2,328 ",10,524
1992,E,PC/SNP,  -   ,"  28,148,506 ",,,"  2,328 ",,524
1992,E,Other,"  401,531 ","  28,148,506 ",1.4%,  758 ,"  2,328 ",0,524
1997,E,CON,"  8,780,881 ","  26,058,712 ",33.7%,  528 ,"  2,945 ",165,529
1997,E,LAB,"  11,347,882 ","  26,058,712 ",43.5%,  527 ,"  2,945 ",328,529
1997,E,LD,"  4,677,565 ","  26,058,712 ",18.0%,  527 ,"  2,945 ",34,529
1997,E,PC/SNP,  -   ,"  26,058,712 ",,,"  2,945 ",,529
1997,E,Other,"  1,252,384 ","  26,058,712 ",4.8%,"  1,363 ","  2,945 ",2,529
2001,E,CON,"  7,705,870 ","  21,870,762 ",35.2%,  529 ,"  2,588 ",165,529
2001,E,LAB,"  9,056,824 ","  21,870,762 ",41.4%,  529 ,"  2,588 ",323,529
2001,E,LD,"  4,246,853 ","  21,870,762 ",19.4%,  528 ,"  2,588 ",40,529
2001,E,PC/SNP,  -   ,"  21,870,762 ",,,"  2,588 ",,529
2001,E,Other,"  861,215 ","  21,870,762 ",3.9%,"  1,002 ","  2,588 ",1,529
2005,E,CON,"  8,114,979 ","  22,704,302 ",35.7%,  529 ,"  2,817 ",194,529
2005,E,LAB,"  8,050,366 ","  22,704,302 ",35.5%,  529 ,"  2,817 ",286,529
2005,E,LD,"  5,201,129 ","  22,704,302 ",22.9%,  528 ,"  2,817 ",47,529
2005,E,PC/SNP,  -   ,"  22,704,302 ",,,"  2,817 ",,529
2005,E,Other,"  1,337,828 ","  22,704,302 ",5.9%,"  1,231 ","  2,817 ",2,529
2010,E,CON,"  9,908,019 ","  25,081,268 ",39.5%,  532 ,"  3,425 ",297,533
2010,E,LAB,"  7,039,387 ","  25,081,268 ",28.1%,  532 ,"  3,425 ",191,533
2010,E,LD,"  6,075,613 ","  25,081,268 ",24.2%,  532 ,"  3,425 ",43,533
2010,E,PC/SNP,  -   ,"  25,081,268 ",,,"  3,425 ",,533
2010,E,Other,"  2,058,249 ","  25,081,268 ",8.2%,"  1,829 ","  3,425 ",2,533
2015,E,CON,"  10,448,600 ","  25,570,900 ",40.9%,  532 ,"  3,209 ",318,533
2015,E,LAB,"  8,087,700 ","  25,570,900 ",31.6%,  532 ,"  3,209 ",206,533
2015,E,LD,"  2,098,500 ","  25,570,900 ",8.2%,  532 ,"  3,209 ",6,533
2015,E,PC/SNP,  -   ,"  25,570,900 ",,,"  3,209 ",,533
2015,E,Other,"  4,936,100 ","  25,570,900 ",19.3%,"  1,613 ","  3,209 ",3,533
2017,E,CON,"  12,346,000 ","  27,156,000 ",45.5%,  532 ,"  2,716 ",296,533
2017,E,LAB,"  11,389,000 ","  27,156,000 ",41.9%,  532 ,"  2,716 ",227,533
2017,E,LD,"  2,112,000 ","  27,156,000 ",7.8%,  530 ,"  2,716 ",8,533
2017,E,PC/SNP,  -   ,"  27,156,000 ",,,"  2,716 ",,533
2017,E,Other,"  1,309,000 ","  27,156,000 ",4.8%,"  1,122 ","  2,716 ",2,533
2019,E,CON,"  12,710,848 ","  26,911,657 ",47.2%,  532 ,"  2,710 ",345,533
2019,E,LAB,"  9,125,178 ","  26,911,657 ",33.9%,  532 ,"  2,710 ",179,533
2019,E,LD,"  3,340,831 ","  26,911,657 ",12.4%,  520 ,"  2,710 ",7,533
2019,E,PC/SNP,  -   ,"  26,911,657 ",,,"  2,710 ",,533
2019,E,Other,"  1,734,800 ","  26,911,657 ",6.4%,"  1,126 ","  2,710 ",2,533
1918,W,CON,"  59,592 ","  529,034 ",11.3%,  8 ,  71 ,4,35
1918,W,LAB,"  163,055 ","  529,034 ",30.8%,  25 ,  71 ,9,35
1918,W,LD,"  258,759 ","  529,034 ",48.9%,  29 ,  71 ,20,35
1918,W,PC/SNP,  -   ,"  529,034 ",,,  71 ,,35
1918,W,Other,"  47,628 ","  529,034 ",9.0%,  9 ,  71 ,2,35
1922,W,CON,"  190,919 ","  892,700 ",21.4%,  19 ,  80 ,6,35
1922,W,LAB,"  363,568 ","  892,700 ",40.8%,  28 ,  80 ,18,35
1922,W,LD,"  305,957 ","  892,700 ",34.2%,  30 ,  80 ,10,35
1922,W,PC/SNP,  -   ,"  892,700 ",,,  80 ,,35
1922,W,Other,"  32,256 ","  892,700 ",3.6%,  3 ,  80 ,1,35
1923,W,CON,"  178,113 ","  845,068 ",21.1%,  19 ,  78 ,4,35
1923,W,LAB,"  355,172 ","  845,068 ",42.0%,  27 ,  78 ,19,35
1923,W,LD,"  299,314 ","  845,068 ",35.4%,  31 ,  78 ,11,35
1923,W,PC/SNP,  -   ,"  845,068 ",,,  78 ,,35
1923,W,Other,"  12,469 ","  845,068 ",1.5%,  1 ,  78 ,1,35
1924,W,CON,"  224,014 ","  789,239 ",28.4%,  17 ,  71 ,9,35
1924,W,LAB,"  320,397 ","  789,239 ",40.6%,  33 ,  71 ,16,35
1924,W,LD,"  244,828 ","  789,239 ",31.0%,  21 ,  71 ,10,35
1924,W,PC/SNP,  -   ,"  789,239 ",,,  71 ,,35
1924,W,Other,  -   ,"  789,239 ",0.0%,  -   ,  71 ,0,35
1929,W,CON,"  289,695 ","  1,316,912 ",22.0%,  35 ,  106 ,1,35
1929,W,LAB,"  577,554 ","  1,316,912 ",43.9%,  33 ,  106 ,25,35
1929,W,LD,"  440,911 ","  1,316,912 ",33.5%,  34 ,  106 ,9,35
1929,W,PC/SNP,  609 ,"  1,316,912 ",0.0%,  1 ,  106 ,0,35
1929,W,Other,"  8,143 ","  1,316,912 ",0.6%,  3 ,  106 ,0,35
1931,W,CON,"  340,698 ","  1,088,546 ",31.3%,  20 ,  72 ,11,35
1931,W,LAB,"  479,547 ","  1,088,546 ",44.1%,  30 ,  72 ,16,35
1931,W,LD,"  229,011 ","  1,088,546 ",21.1%,  14 ,  72 ,8,35
1931,W,PC/SNP,"  1,136 ","  1,088,546 ",0.1%,  1 ,  72 ,0,35
1931,W,Other,"  38,154 ","  1,088,546 ",3.4%,  7 ,  72 ,0,35
1935,W,CON,"  292,527 ","  871,277 ",33.6%,  20 ,  68 ,11,35
1935,W,LAB,"  395,830 ","  871,277 ",45.4%,  33 ,  68 ,18,35
1935,W,LD,"  157,091 ","  871,277 ",18.0%,  12 ,  68 ,6,35
1935,W,PC/SNP,"  2,534 ","  871,277 ",0.3%,  1 ,  68 ,0,35
1935,W,Other,"  23,295 ","  871,277 ",2.7%,  2 ,  68 ,0,35
1945,W,CON,"  316,729 ","  1,330,671 ",23.8%,  27 ,  87 ,4,35
1945,W,LAB,"  779,184 ","  1,330,671 ",58.5%,  34 ,  87 ,25,35
1945,W,LD,"  198,553 ","  1,330,671 ",14.9%,  17 ,  87 ,6,35
1945,W,PC/SNP,"  14,321 ","  1,330,671 ",1.1%,  6 ,  87 ,0,35
1945,W,Other,"  21,884 ","  1,330,671 ",1.7%,  3 ,  87 ,0,35
1950,W,CON,"  418,668 ","  1,528,554 ",27.4%,  35 ,  105 ,4,36
1950,W,LAB,"  887,984 ","  1,528,554 ",58.1%,  36 ,  105 ,27,36
1950,W,LD,"  193,090 ","  1,528,554 ",12.6%,  21 ,  105 ,5,36
1950,W,PC/SNP,"  17,580 ","  1,528,554 ",1.2%,  7 ,  105 ,0,36
1950,W,Other,"  11,232 ","  1,528,554 ",0.7%,  6 ,  105 ,0,36
1951,W,CON,"  471,269 ","  1,529,449 ",30.8%,  33 ,  84 ,6,36
1951,W,LAB,"  925,848 ","  1,529,449 ",60.5%,  36 ,  84 ,27,36
1951,W,LD,"  116,821 ","  1,529,449 ",7.6%,  9 ,  84 ,3,36
1951,W,PC/SNP,"  10,920 ","  1,529,449 ",0.7%,  4 ,  84 ,0,36
1951,W,Other,"  4,591 ","  1,529,449 ",0.3%,  2 ,  84 ,0,36
1955,W,CON,"  428,866 ","  1,433,724 ",29.9%,  32 ,  91 ,6,36
1955,W,LAB,"  825,690 ","  1,433,724 ",57.6%,  36 ,  91 ,27,36
1955,W,LD,"  104,095 ","  1,433,724 ",7.3%,  10 ,  91 ,3,36
1955,W,PC/SNP,"  45,119 ","  1,433,724 ",3.1%,  11 ,  91 ,0,36
1955,W,Other,"  29,954 ","  1,433,724 ",2.1%,  2 ,  91 ,0,36
1959,W,CON,"  486,335 ","  1,491,257 ",32.6%,  34 ,  101 ,7,36
1959,W,LAB,"  841,450 ","  1,491,257 ",56.4%,  36 ,  101 ,27,36
1959,W,LD,"  78,951 ","  1,491,257 ",5.3%,  8 ,  101 ,2,36
1959,W,PC/SNP,"  77,571 ","  1,491,257 ",5.2%,  20 ,  101 ,0,36
1959,W,Other,"  6,950 ","  1,491,257 ",0.5%,  3 ,  101 ,0,36
1964,W,CON,"  425,022 ","  1,447,042 ",29.4%,  36 ,  112 ,6,36
1964,W,LAB,"  837,022 ","  1,447,042 ",57.8%,  36 ,  112 ,28,36
1964,W,LD,"  106,114 ","  1,447,042 ",7.3%,  12 ,  112 ,2,36
1964,W,PC/SNP,"  69,507 ","  1,447,042 ",4.8%,  23 ,  112 ,0,36
1964,W,Other,"  9,377 ","  1,447,042 ",0.6%,  5 ,  112 ,0,36
1966,W,CON,"  396,795 ","  1,423,435 ",27.9%,  36 ,  111 ,3,36
1966,W,LAB,"  863,692 ","  1,423,435 ",60.7%,  36 ,  111 ,32,36
1966,W,LD,"  89,108 ","  1,423,435 ",6.3%,  11 ,  111 ,1,36
1966,W,PC/SNP,"  61,071 ","  1,423,435 ",4.3%,  20 ,  111 ,0,36
1966,W,Other,"  12,769 ","  1,423,435 ",0.9%,  8 ,  111 ,0,36
1970,W,CON,"  419,884 ","  1,516,554 ",27.7%,  36 ,  138 ,7,36
1970,W,LAB,"  781,941 ","  1,516,554 ",51.6%,  36 ,  138 ,27,36
1970,W,LD,"  103,747 ","  1,516,554 ",6.8%,  19 ,  138 ,1,36
1970,W,PC/SNP,"  175,016 ","  1,516,554 ",11.5%,  36 ,  138 ,0,36
1970,W,Other,"  35,966 ","  1,516,554 ",2.4%,  11 ,  138 ,1,36
1974F,W,CON,"  412,535 ","  1,593,843 ",25.9%,  36 ,  148 ,8,36
1974F,W,LAB,"  745,547 ","  1,593,843 ",46.8%,  36 ,  148 ,24,36
1974F,W,LD,"  255,423 ","  1,593,843 ",16.0%,  31 ,  148 ,2,36
1974F,W,PC/SNP,"  171,374 ","  1,593,843 ",10.8%,  36 ,  148 ,2,36
1974F,W,Other,"  8,964 ","  1,593,843 ",0.6%,  9 ,  148 ,0,36
1974O,W,CON,"  367,230 ","  1,537,840 ",23.9%,  36 ,  150 ,8,36
1974O,W,LAB,"  761,447 ","  1,537,840 ",49.5%,  36 ,  150 ,23,36
1974O,W,LD,"  239,057 ","  1,537,840 ",15.5%,  36 ,  150 ,2,36
1974O,W,PC/SNP,"  166,321 ","  1,537,840 ",10.8%,  36 ,  150 ,3,36
1974O,W,Other,"  3,785 ","  1,537,840 ",0.2%,  6 ,  150 ,0,36
1979,W,CON,"  526,254 ","  1,636,588 ",32.2%,  35 ,  154 ,11,36
1979,W,LAB,"  795,493 ","  1,636,588 ",48.6%,  36 ,  154 ,22,36
1979,W,LD,"  173,525 ","  1,636,588 ",10.6%,  28 ,  154 ,1,36
1979,W,PC/SNP,"  132,544 ","  1,636,588 ",8.1%,  36 ,  154 ,2,36
1979,W,Other,"  8,772 ","  1,636,588 ",0.5%,  19 ,  154 ,0,36
1983,W,CON,"  499,310 ","  1,608,986 ",31.0%,  38 ,  169 ,14,38
1983,W,LAB,"  603,858 ","  1,608,986 ",37.5%,  38 ,  169 ,20,38
1983,W,LD,"  373,358 ","  1,608,986 ",23.2%,  38 ,  169 ,2,38
1983,W,PC/SNP,"  125,309 ","  1,608,986 ",7.8%,  38 ,  169 ,2,38
1983,W,Other,"  7,151 ","  1,608,986 ",0.4%,  17 ,  169 ,0,38
1987,W,CON,"  501,316 ","  1,698,096 ",29.5%,  38 ,  158 ,8,38
1987,W,LAB,"  765,209 ","  1,698,096 ",45.1%,  38 ,  158 ,24,38
1987,W,LD,"  304,230 ","  1,698,096 ",17.9%,  38 ,  158 ,3,38
1987,W,PC/SNP,"  123,599 ","  1,698,096 ",7.3%,  38 ,  158 ,3,38
1987,W,Other,"  3,742 ","  1,698,096 ",0.2%,  6 ,  158 ,0,38
1992,W,CON,"  499,677 ","  1,748,777 ",28.6%,  38 ,  180 ,6,38
1992,W,LAB,"  865,663 ","  1,748,777 ",49.5%,  38 ,  180 ,27,38
1992,W,LD,"  217,457 ","  1,748,777 ",12.4%,  38 ,  180 ,1,38
1992,W,PC/SNP,"  154,947 ","  1,748,777 ",8.9%,  35 ,  180 ,4,38
1992,W,Other,"  11,033 ","  1,748,777 ",0.6%,  31 ,  180 ,0,38
1997,W,CON,"  317,145 ","  1,620,062 ",19.6%,  40 ,  223 ,0,40
1997,W,LAB,"  886,935 ","  1,620,062 ",54.7%,  40 ,  223 ,34,40
1997,W,LD,"  200,020 ","  1,620,062 ",12.3%,  40 ,  223 ,2,40
1997,W,PC/SNP,"  161,030 ","  1,620,062 ",9.9%,  40 ,  223 ,4,40
1997,W,Other,"  54,932 ","  1,620,062 ",3.4%,  63 ,  223 ,0,40
2001,W,CON,"  268,665 ","  1,372,546 ",19.6%,  40 ,  224 ,0,40
2001,W,LAB,"  666,956 ","  1,372,546 ",48.6%,  40 ,  224 ,34,40
2001,W,LD,"  189,434 ","  1,372,546 ",13.8%,  40 ,  224 ,2,40
2001,W,PC/SNP,"  195,893 ","  1,372,546 ",14.3%,  40 ,  224 ,4,40
2001,W,Other,"  51,598 ","  1,372,546 ",3.8%,  64 ,  224 ,0,40
2005,W,CON,"  297,830 ","  1,392,719 ",21.4%,  40 ,  250 ,3,40
2005,W,LAB,"  594,821 ","  1,392,719 ",42.7%,  40 ,  250 ,29,40
2005,W,LD,"  256,249 ","  1,392,719 ",18.4%,  40 ,  250 ,4,40
2005,W,PC/SNP,"  174,838 ","  1,392,719 ",12.6%,  40 ,  250 ,3,40
2005,W,Other,"  68,981 ","  1,392,719 ",5.0%,  90 ,  250 ,1,40
2010,W,CON,"  382,730 ","  1,466,685 ",26.1%,  40 ,  268 ,8,40
2010,W,LAB,"  531,602 ","  1,466,685 ",36.2%,  40 ,  268 ,26,40
2010,W,LD,"  295,164 ","  1,466,685 ",20.1%,  40 ,  268 ,3,40
2010,W,PC/SNP,"  165,394 ","  1,466,685 ",11.3%,  40 ,  268 ,3,40
2010,W,Other,"  91,795 ","  1,466,685 ",6.3%,  108 ,  268 ,0,40
2015,W,CON,"  407,800 ","  1,498,100 ",27.2%,  40 ,  278 ,11,40
2015,W,LAB,"  552,500 ","  1,498,100 ",36.9%,  40 ,  278 ,25,40
2015,W,LD,"  97,800 ","  1,498,100 ",6.5%,  40 ,  278 ,1,40
2015,W,PC/SNP,"  181,700 ","  1,498,100 ",12.1%,  40 ,  278 ,3,40
2015,W,Other,"  258,300 ","  1,498,100 ",17.2%,  118 ,  278 ,0,40
2017,W,CON,"  528,839 ","  1,575,798 ",33.6%,  40 ,  213 ,8,40
2017,W,LAB,"  771,354 ","  1,575,798 ",49.0%,  40 ,  213 ,28,40
2017,W,LD,"  71,039 ","  1,575,798 ",4.5%,  40 ,  213 ,0,40
2017,W,PC/SNP,"  164,466 ","  1,575,798 ",10.4%,  40 ,  213 ,4,40
2017,W,Other,"  40,100 ","  1,575,798 ",2.5%,  53 ,  213 ,0,40
2019,W,CON,"  557,234 ","  1,544,357 ",36.1%,  40 ,  216 ,14,40
2019,W,LAB,"  632,035 ","  1,544,357 ",40.9%,  40 ,  216 ,22,40
2019,W,LD,"  92,171 ","  1,544,357 ",6.0%,  32 ,  216 ,0,40
2019,W,PC/SNP,"  153,265 ","  1,544,357 ",9.9%,  36 ,  216 ,4,40
2019,W,Other,"  109,652 ","  1,544,357 ",7.1%,  68 ,  216 ,0,40
1918,S,CON,"  358,469 ","  1,126,711 ",32.8%,  37 ,  165 ,30,71
1918,S,LAB,"  265,744 ","  1,126,711 ",22.9%,  39 ,  165 ,6,71
1918,S,LD,"  385,105 ","  1,126,711 ",34.1%,  61 ,  165 ,33,71
1918,S,PC/SNP,  -   ,"  1,126,711 ",,,  165 ,,71
1918,S,Other,"  117,393 ","  1,126,711 ",10.2%,  28 ,  165 ,2,71
1922,S,CON,"  379,396 ","  1,569,361 ",25.1%,  36 ,  168 ,13,71
1922,S,LAB,"  501,254 ","  1,569,361 ",32.2%,  43 ,  168 ,29,71
1922,S,LD,"  617,178 ","  1,569,361 ",39.2%,  81 ,  168 ,27,71
1922,S,PC/SNP,  -   ,"  1,569,361 ",,,  168 ,,71
1922,S,Other,"  71,533 ","  1,569,361 ",3.5%,  8 ,  168 ,2,71
1923,S,CON,"  468,526 ","  1,501,327 ",31.6%,  52 ,  167 ,14,71
1923,S,LAB,"  532,450 ","  1,501,327 ",35.9%,  48 ,  167 ,34,71
1923,S,LD,"  422,995 ","  1,501,327 ",28.4%,  59 ,  167 ,22,71
1923,S,PC/SNP,  -   ,"  1,501,327 ",,,  167 ,,71
1923,S,Other,"  77,356 ","  1,501,327 ",4.1%,  8 ,  167 ,1,71
1924,S,CON,"  688,299 ","  1,717,108 ",40.7%,  56 ,  156 ,36,71
1924,S,LAB,"  697,146 ","  1,717,108 ",41.1%,  63 ,  156 ,26,71
1924,S,LD,"  286,540 ","  1,717,108 ",16.6%,  34 ,  156 ,8,71
1924,S,PC/SNP,  -   ,"  1,717,108 ",,,  156 ,,71
1924,S,Other,"  45,123 ","  1,717,108 ",1.6%,  3 ,  156 ,1,71
1929,S,CON,"  792,063 ","  2,242,941 ",35.9%,  65 ,  192 ,20,71
1929,S,LAB,"  937,300 ","  2,242,941 ",42.3%,  66 ,  192 ,36,71
1929,S,LD,"  407,081 ","  2,242,941 ",18.1%,  45 ,  192 ,13,71
1929,S,PC/SNP,"  3,313 ","  2,242,941 ",0.2%,  2 ,  192 ,0,71
1929,S,Other,"  103,184 ","  2,242,941 ",3.5%,  14 ,  192 ,2,71
1931,S,CON,"  1,180,001 ","  2,174,329 ",55.4%,  65 ,  155 ,57,71
1931,S,LAB,"  696,248 ","  2,174,329 ",32.6%,  57 ,  155 ,7,71
1931,S,LD,"  205,384 ","  2,174,329 ",8.6%,  14 ,  155 ,7,71
1931,S,PC/SNP,"  20,954 ","  2,174,329 ",1.0%,  5 ,  155 ,0,71
1931,S,Other,"  71,742 ","  2,174,329 ",2.4%,  14 ,  155 ,0,71
1935,S,CON,"  1,135,403 ","  2,323,797 ",49.8%,  69 ,  167 ,43,71
1935,S,LAB,"  863,789 ","  2,323,797 ",36.8%,  63 ,  167 ,20,71
1935,S,LD,"  174,235 ","  2,323,797 ",6.7%,  16 ,  167 ,3,71
1935,S,PC/SNP,"  25,652 ","  2,323,797 ",1.1%,  7 ,  167 ,0,71
1935,S,Other,"  124,718 ","  2,323,797 ",5.6%,  12 ,  167 ,5,71
1945,S,CON,"  964,143 ","  2,389,892 ",40.3%,  68 ,  184 ,27,71
1945,S,LAB,"  1,144,310 ","  2,389,892 ",47.9%,  68 ,  184 ,37,71
1945,S,LD,"  132,849 ","  2,389,892 ",5.6%,  22 ,  184 ,0,71
1945,S,PC/SNP,"  30,595 ","  2,389,892 ",1.3%,  8 ,  184 ,0,71
1945,S,Other,"  117,995 ","  2,389,892 ",4.9%,  18 ,  184 ,7,71
1950,S,CON,"  1,222,010 ","  2,726,684 ",44.8%,  68 ,  212 ,31,71
1950,S,LAB,"  1,259,410 ","  2,726,684 ",46.2%,  71 ,  212 ,37,71
1950,S,LD,"  180,270 ","  2,726,684 ",6.6%,  41 ,  212 ,2,71
1950,S,PC/SNP,"  9,708 ","  2,726,684 ",0.4%,  3 ,  212 ,0,71
1950,S,Other,"  55,286 ","  2,726,684 ",2.0%,  29 ,  212 ,1,71
1951,S,CON,"  1,349,298 ","  2,777,837 ",48.6%,  70 ,  160 ,35,71
1951,S,LAB,"  1,330,244 ","  2,777,837 ",47.9%,  71 ,  160 ,35,71
1951,S,LD,"  76,291 ","  2,777,837 ",2.7%,  9 ,  160 ,1,71
1951,S,PC/SNP,"  7,299 ","  2,777,837 ",0.3%,  2 ,  160 ,0,71
1951,S,Other,"  14,705 ","  2,777,837 ",0.5%,  8 ,  160 ,0,71
1955,S,CON,"  1,273,942 ","  2,543,254 ",50.1%,  71 ,  156 ,36,71
1955,S,LAB,"  1,188,058 ","  2,543,254 ",46.7%,  71 ,  156 ,34,71
1955,S,LD,"  47,273 ","  2,543,254 ",1.9%,  5 ,  156 ,1,71
1955,S,PC/SNP,"  12,112 ","  2,543,254 ",0.5%,  2 ,  156 ,0,71
1955,S,Other,"  21,869 ","  2,543,254 ",0.9%,  7 ,  156 ,0,71
1959,S,CON,"  1,260,287 ","  2,667,513 ",47.2%,  70 ,  172 ,31,71
1959,S,LAB,"  1,245,255 ","  2,667,513 ",46.7%,  71 ,  172 ,38,71
1959,S,LD,"  108,963 ","  2,667,513 ",4.1%,  16 ,  172 ,1,71
1959,S,PC/SNP,"  21,738 ","  2,667,513 ",0.8%,  5 ,  172 ,0,71
1959,S,Other,"  31,270 ","  2,667,513 ",1.2%,  10 ,  172 ,1,71
1964,S,CON,"  1,069,695 ","  2,634,539 ",40.6%,  71 ,  197 ,24,71
1964,S,LAB,"  1,283,667 ","  2,634,539 ",48.7%,  71 ,  197 ,43,71
1964,S,LD,"  200,063 ","  2,634,539 ",7.6%,  26 ,  197 ,4,71
1964,S,PC/SNP,"  64,044 ","  2,634,539 ",2.4%,  15 ,  197 ,0,71
1964,S,Other,"  17,070 ","  2,634,539 ",0.6%,  14 ,  197 ,0,71
1966,S,CON,"  960,675 ","  2,552,380 ",37.6%,  71 ,  206 ,20,71
1966,S,LAB,"  1,273,916 ","  2,552,380 ",49.9%,  71 ,  206 ,46,71
1966,S,LD,"  172,447 ","  2,552,380 ",6.8%,  24 ,  206 ,5,71
1966,S,PC/SNP,"  128,474 ","  2,552,380 ",5.0%,  23 ,  206 ,0,71
1966,S,Other,"  16,868 ","  2,552,380 ",0.7%,  17 ,  206 ,0,71
1970,S,CON,"  1,020,674 ","  2,688,235 ",38.0%,  70 ,  256 ,23,71
1970,S,LAB,"  1,197,068 ","  2,688,235 ",44.5%,  71 ,  256 ,44,71
1970,S,LD,"  147,667 ","  2,688,235 ",5.5%,  27 ,  256 ,3,71
1970,S,PC/SNP,"  306,802 ","  2,688,235 ",11.4%,  65 ,  256 ,1,71
1970,S,Other,"  16,024 ","  2,688,235 ",0.6%,  23 ,  256 ,0,71
1974F,S,CON,"  950,668 ","  2,887,075 ",32.9%,  71 ,  265 ,21,71
1974F,S,LAB,"  1,057,601 ","  2,887,075 ",36.6%,  71 ,  265 ,40,71
1974F,S,LD,"  229,162 ","  2,887,075 ",7.9%,  34 ,  265 ,3,71
1974F,S,PC/SNP,"  633,180 ","  2,887,075 ",21.9%,  70 ,  265 ,7,71
1974F,S,Other,"  16,464 ","  2,887,075 ",0.6%,  19 ,  265 ,0,71
1974O,S,CON,"  681,327 ","  2,758,101 ",24.7%,  71 ,  293 ,16,71
1974O,S,LAB,"  1,000,581 ","  2,758,101 ",36.3%,  71 ,  293 ,41,71
1974O,S,LD,"  228,855 ","  2,758,101 ",8.3%,  68 ,  293 ,3,71
1974O,S,PC/SNP,"  839,617 ","  2,758,101 ",30.4%,  71 ,  293 ,11,71
1974O,S,Other,"  7,721 ","  2,758,101 ",0.3%,  12 ,  293 ,0,71
1979,S,CON,"  916,155 ","  2,916,637 ",31.4%,  71 ,  284 ,22,71
1979,S,LAB,"  1,211,445 ","  2,916,637 ",41.5%,  71 ,  284 ,44,71
1979,S,LD,"  262,224 ","  2,916,637 ",9.0%,  43 ,  284 ,3,71
1979,S,PC/SNP,"  504,259 ","  2,916,637 ",17.3%,  71 ,  284 ,2,71
1979,S,Other,"  22,554 ","  2,916,637 ",0.8%,  28 ,  284 ,0,71
1983,S,CON,"  801,487 ","  2,824,580 ",28.4%,  72 ,  314 ,21,72
1983,S,LAB,"  990,654 ","  2,824,580 ",35.1%,  72 ,  314 ,41,72
1983,S,LD,"  692,634 ","  2,824,580 ",24.5%,  72 ,  314 ,8,72
1983,S,PC/SNP,"  331,975 ","  2,824,580 ",11.8%,  72 ,  314 ,2,72
1983,S,Other,"  7,830 ","  2,824,580 ",0.3%,  26 ,  314 ,0,72
1987,S,CON,"  713,081 ","  2,967,808 ",24.0%,  72 ,  308 ,10,72
1987,S,LAB,"  1,258,132 ","  2,967,808 ",42.4%,  72 ,  308 ,50,72
1987,S,LD,"  570,053 ","  2,967,808 ",19.2%,  72 ,  308 ,9,72
1987,S,PC/SNP,"  416,473 ","  2,967,808 ",14.0%,  71 ,  308 ,3,72
1987,S,Other,"  10,069 ","  2,967,808 ",0.3%,  21 ,  308 ,0,72
1992,S,CON,"  751,950 ","  2,931,698 ",25.6%,  72 ,  341 ,11,72
1992,S,LAB,"  1,142,911 ","  2,931,698 ",39.0%,  72 ,  341 ,49,72
1992,S,LD,"  383,856 ","  2,931,698 ",13.1%,  72 ,  341 ,9,72
1992,S,PC/SNP,"  629,564 ","  2,931,698 ",21.5%,  72 ,  341 ,3,72
1992,S,Other,"  23,417 ","  2,931,698 ",0.8%,  53 ,  341 ,0,72
1997,S,CON,"  493,059 ","  2,816,748 ",17.5%,  72 ,  431 ,0,72
1997,S,LAB,"  1,283,350 ","  2,816,748 ",45.6%,  72 ,  431 ,56,72
1997,S,LD,"  365,362 ","  2,816,748 ",13.0%,  72 ,  431 ,10,72
1997,S,PC/SNP,"  621,550 ","  2,816,748 ",22.1%,  72 ,  431 ,6,72
1997,S,Other,"  53,427 ","  2,816,748 ",1.9%,  143 ,  431 ,0,72
2001,S,CON,"  360,658 ","  2,313,701 ",15.6%,  71 ,  407 ,1,72
2001,S,LAB,"  1,001,173 ","  2,313,701 ",43.3%,  71 ,  407 ,55,72
2001,S,LD,"  378,034 ","  2,313,701 ",16.3%,  71 ,  407 ,10,72
2001,S,PC/SNP,"  464,314 ","  2,313,701 ",20.1%,  72 ,  407 ,5,72
2001,S,Other,"  109,522 ","  2,313,701 ",4.7%,  122 ,  407 ,1,72
2005,S,CON,"  369,388 ","  2,333,887 ",15.8%,  58 ,  382 ,1,59
2005,S,LAB,"  907,249 ","  2,333,887 ",38.9%,  58 ,  382 ,40,59
2005,S,LD,"  528,076 ","  2,333,887 ",22.6%,  58 ,  382 ,11,59
2005,S,PC/SNP,"  412,267 ","  2,333,887 ",17.7%,  59 ,  382 ,6,59
2005,S,Other,"  116,907 ","  2,333,887 ",5.0%,  149 ,  382 ,1,59
2010,S,CON,"  412,905 ","  2,465,780 ",16.7%,  59 ,  349 ,1,59
2010,S,LAB,"  1,035,528 ","  2,465,780 ",42.0%,  59 ,  349 ,41,59
2010,S,LD,"  465,471 ","  2,465,780 ",18.9%,  59 ,  349 ,11,59
2010,S,PC/SNP,"  491,386 ","  2,465,780 ",19.9%,  59 ,  349 ,6,59
2010,S,Other,"  60,490 ","  2,465,780 ",2.5%,  113 ,  349 ,0,59
2015,S,CON,"  434,100 ","  2,910,500 ",14.9%,  59 ,  346 ,1,59
2015,S,LAB,"  707,100 ","  2,910,500 ",24.3%,  59 ,  346 ,1,59
2015,S,LD,"  219,700 ","  2,910,500 ",7.5%,  59 ,  346 ,1,59
2015,S,PC/SNP,"  1,454,400 ","  2,910,500 ",50.0%,  59 ,  346 ,56,59
2015,S,Other,"  95,200 ","  2,910,500 ",3.3%,  110 ,  346 ,0,59
2017,S,CON,"  757,949 ","  2,649,695 ",28.6%,  59 ,  266 ,13,59
2017,S,LAB,"  717,007 ","  2,649,695 ",27.1%,  59 ,  266 ,7,59
2017,S,LD,"  179,062 ","  2,649,695 ",6.8%,  59 ,  266 ,4,59
2017,S,PC/SNP,"  977,568 ","  2,649,695 ",36.9%,  59 ,  266 ,35,59
2017,S,Other,"  18,109 ","  2,649,695 ",0.7%,  30 ,  266 ,0,59
2019,S,CON,"  692,939 ","  2,759,061 ",25.1%,  59 ,  292 ,6,59
2019,S,LAB,"  511,838 ","  2,759,061 ",18.6%,  59 ,  292 ,1,59
2019,S,LD,"  263,035 ","  2,759,061 ",9.5%,  59 ,  292 ,4,59
2019,S,PC/SNP,"  1,242,380 ","  2,759,061 ",45.0%,  59 ,  292 ,48,59
2019,S,Other,"  48,487 ","  2,759,061 ",1.8%,  56 ,  292 ,0,59